{"model_name": "RandomForest", "accuracy": 0.8041163946061036, "precision": 0.6655405405405406, "recall": 0.5267379679144385, "f1": 0.5880597014925374, "roc_auc": 0.8382404608747319, "selected_date": "2025-04-18 09:07:57"}