{"model_name": "MoonyoungStacking", "accuracy": 0.8393030009680542, "precision": 0.8195077484047402, "recall": 0.8702807357212003, "f1": 0.8441314553990611, "roc_auc": 0.9241712734364236, "selected_date": "2025-04-18 11:01:33"}